<Canvas>
    <Kind>42</Kind>
    <Name>SystemSettings</Name>
    <IsMinified>0</IsMinified>
    <XPosition>1.000000000</XPosition>
    <YPosition>82.000000000</YPosition>
</Canvas>
<Widget>
    <Kind>2</Kind>
    <Name>DEBUG</Name>
    <Value>0</Value>
</Widget>
<Widget>
    <Kind>4</Kind>
    <Name>brush_width</Name>
    <Value>35.960590363</Value>
</Widget>
<Widget>
    <Kind>4</Kind>
    <Name>number_of_lines</Name>
    <Value>25.379310608</Value>
</Widget>
<Widget>
    <Kind>4</Kind>
    <Name>line_width</Name>
    <Value>3.527093649</Value>
</Widget>
<Widget>
    <Kind>4</Kind>
    <Name>damp</Name>
    <Value>0.243842363</Value>
</Widget>
<Widget>
    <Kind>4</Kind>
    <Name>k</Name>
    <Value>0.081280790</Value>
</Widget>
<Widget>
    <Kind>4</Kind>
    <Name>repulsion_rad</Name>
    <Value>5.221674919</Value>
</Widget>
<Widget>
    <Kind>4</Kind>
    <Name>repulsion_pct</Name>
    <Value>0.497536957</Value>
</Widget>
<Widget>
    <Kind>4</Kind>
    <Name>color_lerp</Name>
    <Value>0.039408866</Value>
</Widget>
<Widget>
    <Kind>4</Kind>
    <Name>color_random</Name>
    <Value>0.016847290</Value>
</Widget>
<Widget>
    <Kind>4</Kind>
    <Name>particles_threshold</Name>
    <Value>40.098522186</Value>
</Widget>
<Widget>
    <Kind>4</Kind>
    <Name>particles_turbulence</Name>
    <Value>0.044334974</Value>
</Widget>
<Widget>
    <Kind>4</Kind>
    <Name>particles_alpha</Name>
    <Value>0.596059084</Value>
</Widget>
