<Canvas>
    <Kind>42</Kind>
    <Name>TimelineSettings</Name>
    <IsMinified>0</IsMinified>
    <XPosition>213.000045776</XPosition>
    <YPosition>732.000000000</YPosition>
</Canvas>
<Widget>
    <Kind>2</Kind>
    <Name>ENABLE</Name>
    <Value>0</Value>
</Widget>
<Widget>
    <Kind>8</Kind>
    <Name>DURATION</Name>
    <Value>1000.000000000</Value>
</Widget>
<Widget>
    <Kind>2</Kind>
    <Name>ANIMATE</Name>
    <Value>0</Value>
</Widget>
<Widget>
    <Kind>2</Kind>
    <Name>DELETE</Name>
    <Value>0</Value>
</Widget>
<Widget>
    <Kind>2</Kind>
    <Name>SHOW/HIDE</Name>
    <Value>1</Value>
</Widget>
